Names,Unit,Contingent 
SCT Chloe Wong,MTI,1
SCT Matthew Toh,MTI,1
SCT Nathan Lee,MTI,1
SCT Caleb Goh,MTI,1
SCT Alex Wang,MTI,1
SCT Olivia Low,MTI,1
SCT Ethan Ng,MTI,1
SCT Abigail Yeo,MTI,1
SCT Ryan Tan,MTI,1
SCT Megan Huang,MTI,1
SCT Joshua Seah,MTI,1
SCT Hannah Pang,MTI,1
SCT Ella Lee,MTI,1
SCT Samuel Yap,MTI,1
SCT Abigail Lau,MTI,1
SCT Ella Lin,MTI,1
SCT Aaron Chua,MTI,1
SCT Emma Koh,MTI,1
SCT David Koh,MTI,1
SCT Emily Loke,MTI,1
SCT Jessica Fang,MTI,1
SCT Joshua Chua,MTI,1
SCT Ella Foo,MTI,1
SCT Lucas Chan,SCS,2
SCT Olivia Huang,SCS,2
SCT Aaron Sim,SCS,2
SCT Joshua Yang,SCS,2
SCT David Toh,SCS,2
SCT Nathan Chong,SCS,2
SCT Daniel Peh,SCS,2
SCT Mia Fang,SCS,2
SCT Victoria Ng,SCS,2
SCT Caleb Fang,SCS,2
SCT Nathan Low,SCS,2
SCT Nathan Wang,SCS,2
SCT Ryan Huang,SCS,2
SCT Isabella Cheong,SCS,2
SCT Olivia Chua,SCS,2
SCT Emily Ho,SCS,2
SCT Sarah Teo,SCS,2
SCT Madison Chua,SCS,2
SCT Daniel Low,SCS,2
SCT Lucas Toh,SCS,2
SCT Chloe Lin,SCS,2
SCT Benjamin Teo,SCS,2
SCT John Ho,SCS,2
SCT Ella Chua,SCS,2
SCT Madison Sun,SCS,2
SCT Nathan Chong,SCS,2
SCT Ella Quek,SCS,2
SCT Benjamin Goh,SCS,2
SCT Nathan Quek,SCS,2
SCT Madison Goh,SCS,2
SCT Anna Ng,SCS,2
SCT Mia Cheong,SCS,2
SCT Lucas Fang,SCS,2
SCT Emma Lin,SCS,2
SCT Olivia Chong,ETI,2
SCT Megan Wang,ETI,2
SCT Benjamin Cheng,ETI,2
SCT Jessica Tay,ETI,2
SCT Grace Fang,ETI,2
SCT Olivia Chong,ETI,2
SCT Alex Chong,ETI,2
SCT Nicholas Ong,ETI,3
SCT Grace Wang,ETI,3
SCT Mia Koh,ETI,3
SCT Abigail Poon,ETI,3
SCT Daniel Koh,ETI,3
SCT Matthew Ang,ETI,3
SCT John Quek,ETI,3
SCT David Seah,ETI,3
SCT Nathan Teo,ETI,3
SCT Sophia Teo,ETI,3
SCT Benjamin Wong,ETI,3
SCT Joshua Toh,ETI,3
SCT Victoria Yang,ETI,3
SCT Chloe Ho,ETI,3
SCT Jessica Zhang,ETI,3
SCT Michael Yeo,ETI,3
SCT Ryan Zhang,ETI,3
SCT Matthew Peh,ETI,3
SCT Victoria Lee,ETI,3
SCT Benjamin Toh,MP,3
SCT Olivia Chia,MP,3
SCT Jessica Chua,MP,3
SCT Jacob Ho,MP,4
SCT Andrew Pang,MP,4
SCT Samuel Tay,MP,4
SCT Andrew Tay,MP,4
SCT Sarah Poon,MP,4
SCT Sarah Cheng,MP,4
SCT Benjamin Sim,MP,4
SCT Hannah Yeo,MP,4
SCT Chloe Tan,MP,4
SCT Andrew Cheong,MP,4
SCT Sarah Wang,MP,4
SCT Mia Tan,MP,4
SCT Abigail Koh,MP,4
SCT Sophia Tan,MP,4
SCT Olivia Toh,MP,4
SCT Ethan Chia,MP,4
SCT Anna Cheng,MP,4
SCT Caleb Peh,MP,4
SCT Daniel Seah,MP,4
SCT Anna Lau,MP,4
SCT Mia Low,MP,4
SCT Liam Goh,MP,4
SCT Lucas Tan,MP,4
SCT Ethan Seah,MP,4
SCT Isabella Cheong,MP,4
SCT Aaron Ong,MP,4
SCT Grace Lin,MP,4
SCT James Tan,MP,4
SCT Emma Koh,MP,4
SCT Jessica Quek,MP,4
SCT Lucas Teo,MP,4
SCT Chloe Pang,MP,4
SCT Victoria Chan,Signals,4
SCT Jacob Wong,Signals,4
SCT Nathan Wong,Signals,4
SCT Hannah Zhang,Signals,4
SCT Mia Ong,Signals,4
SCT Sarah Seah,Signals,4
SCT Sophia Huang,Signals,4
SCT Benjamin Yap,Signals,4
SCT Grace Huang,Signals,4
SCT David Sun,Signals,4
SCT Sarah Wong,Signals,4
SCT Logan Peh,Signals,4
SCT Jacob Seah,Signals,4
SCT Christopher Zhou,Signals,4
SCT James Yap,Signals,4
SCT Megan Peh,Signals,5
SCT Christopher Wang,Signals,5
SCT Sophia Huang,Signals,5
SCT Liam Yang,Signals,5
SCT Olivia Zhou,Signals,5
SCT Andrew Seah,Signals,5
SCT Andrew Ho,Signals,5
SCT Chloe Tay,Signals,5
SCT Liam Chong,Signals,5
SCT Liam Pang,Signals,5
SCT Lucas Cheng,Signals,5
SCT Mia Yang,Signals,5
SCT Ethan Lee,Signals,5
SCT Rebecca Peh,Signals,5
SCT Jacob Fang,Signals,5
SCT Joshua Low,Signals,5
SCT Isabella Ho,Signals,5
SCT Caleb Poon,Signals,5
SCT Anna Low,Signals,5
SCT Joshua Wong,Signals,5
SCT John Ng,Signals,5
SCT Andrew Goh,Signals,5
SCT Rebecca Goh,Signals,5
SCT Jacob Ong,Signals,5
SCT Chloe Lau,Signals,5
SCT Sarah Goh,Signals,5
SCT Chloe Wong,Signals,5
SCT Mia Zhou,Armour,5
SCT Benjamin Ho,Armour,6
SCT Nicholas Poon,Armour,6
SCT Jacob Chong,Armour,6
SCT Madison Ng,Armour,6
SCT Ella Yap,Armour,6
SCT Grace Yang,Armour,6
SCT Grace Ho,Armour,6
SCT Mia Zhou,Armour,6
SCT Rebecca Pang,Armour,6
SCT Anna Cheng,Armour,6
SCT Aaron Lau,Armour,6
SCT Anna Koh,Armour,6
SCT Noah Yeo,Armour,6
SCT Andrew Lim,Armour,6
SCT Ethan Sun,Armour,6
SCT Nathan Wong,Armour,6
SCT Victoria Ong,Armour,6
SCT Michael Yang,Armour,6
SCT Emily Chua,Armour,6
SCT Adam Tan,Arty,5
SCT Rachel Lee,Arty,5
SCT Marcus Lim,Arty,5
SCT Zoe Chen,Arty,5
SCT Xavier Ng,Arty,5
SCT Natalie Teo,Arty,5
SCT Dylan Koh,Arty,6
SCT Faith Wong,Arty,6
SCT Isaac Tan,Arty,6
SCT Jasmine Liu,Supply,3
SCT Kenneth Goh,Supply,3
SCT Lauren Sim,Supply,3
SCT Marcus Chen,Supply,3
SCT Nicole Ang,Supply,3
SCT Oscar Lee,Supply,4
SCT Priscilla Tan,Supply,4
SCT Quincy Lim,Supply,4
SCT Russell Ng,TPT,1
SCT Samantha Teo,TPT,1
SCT Timothy Wong,TPT,1
SCT Uma Krishnan,TPT,1
SCT Vincent Lee,TPT,2
SCT Wendy Tan,TPT,2
SCT Xavier Lim,TPT,2
SCT Yvonne Chen,Engr,3
SCT Zachary Goh,Engr,3
SCT Adrian Tan,Engr,3
SCT Beatrice Lim,Engr,3
SCT Cameron Ng,Engr,4
SCT Daisy Wong,Engr,4
SCT Eugene Tan,Engr,4
SCT Felicia Lee,Med,5
SCT Gerald Lim,Med,5
SCT Holly Chen,Med,5
SCT Ian Tan,Med,5
SCT Joyce Wong,Med,6
SCT Keith Ng,Med,6
SCT Laura Tan,Med,6
SCT Marcus Lee,AD,1
SCT Nancy Chen,AD,1
SCT Oliver Tan,AD,1
SCT Patricia Lim,AD,2
SCT Quentin Ng,AD,2
SCT Rachel Wong,AD,2
SCT Samuel Lee,Inf,3
SCT Tara Tan,Inf,3
SCT Ulysses Chen,Inf,3
SCT Victor Lim,Inf,4
SCT Wilson Ng,Inf,4
SCT Xander Tan,Inf,4
SCT Yolanda Lee,Arty,5
SCT Zack Chen,Arty,5
SCT Alex Tan,Supply,6
SCT Brianna Lim,Supply,6
SCT Charles Ng,TPT,1
SCT Diana Wong,TPT,1
SCT Edward Lee,Engr,2
SCT Fiona Tan,Engr,2
SCT George Lim,Med,3
SCT Helen Chen,Med,3
SCT Ivan Ng,AD,4
SCT Julia Tan,AD,4
SCT Kyle Wong,Inf,5
SCT Linda Lee,Inf,5
SCT Michael Tan,Arty,6
SCT Nina Chen,Arty,6
SCT Oscar Lim,Supply,1
SCT Penny Ng,Supply,1
SCT Quinn Wong,TPT,2
SCT Roger Tan,TPT,2
SCT Steve Lee,Engr,3
SCT Tina Chen,Engr,3
SCT Uma Tan,Med,4
SCT Victor Lim,Med,4
SCT Walter Ng,AD,5
SCT Xena Wong,AD,5
SCT Yasmin Lee,Inf,6
SCT Zane Tan,Inf,6
SCT Aaron Chen,Arty,1
SCT Beth Lim,Arty,1
SCT Carl Ng,Supply,2
SCT Dawn Wong,Supply,2
SCT Eric Tan,TPT,3
SCT Faye Lee,TPT,3
SCT Gary Chen,Engr,4
SCT Hope Lim,Engr,4
SCT Ian Ng,Med,5
SCT Jane Wong,Med,5
SCT Kevin Tan,AD,6
SCT Lisa Lee,AD,6
SCT Mark Chen,Inf,1
SCT Nina Lim,Inf,1
SCT Owen Ng,Arty,2
SCT Paige Wong,Arty,2
SCT Quinn Tan,Supply,3
SCT Ryan Lee,Supply,3
SCT Sara Chen,TPT,4
SCT Tom Lim,TPT,4
SCT Uri Ng,Engr,5
SCT Val Wong,Engr,5
SCT Will Tan,Med,6
SCT Xara Lee,Med,6
SCT Yuki Chen,AD,1
SCT Zach Lim,AD,1
SCT Amy Ng,Inf,2
SCT Bob Wong,Inf,2
SCT Cara Tan,Arty,3
SCT Dean Lee,Arty,3
SCT Eva Chen,Supply,4
SCT Fred Lim,Supply,4
SCT Gina Ng,TPT,5
SCT Hans Wong,TPT,5
SCT Iris Tan,Engr,6
SCT Jack Lee,Engr,6
SCT Kate Chen,Med,1
SCT Leon Lim,Med,1
SCT Maya Ng,AD,2
SCT Neil Wong,AD,2
SCT Opal Tan,Inf,3
SCT Paul Lee,Inf,3
SCT Quinn Chen,Arty,4
SCT Ray Lim,Arty,4
SCT Sue Ng,Supply,5
SCT Ted Wong,Supply,5
SCT Uma Tan,TPT,6
SCT Vic Lee,TPT,6
SCT Wade Chen,Engr,1
SCT Xena Lim,Engr,1
SCT Yves Ng,Med,2
SCT Zara Wong,Med,2
SCT Alan Tan,AD,3
SCT Ben Lee,AD,3
SCT Cora Chen,Inf,4
SCT Dan Lim,Inf,4
SCT Eve Ng,Arty,5
SCT Frank Wong,Arty,5
SCT Gwen Tan,Supply,6
SCT Hugh Lee,Supply,6
SCT Ida Chen,TPT,1
SCT Jake Lim,TPT,1
SCT Kim Ng,Engr,2
SCT Leo Wong,Engr,2
SCT Mira Tan,Med,3
SCT Nick Lee,Med,3
SCT Olga Chen,AD,4
SCT Pete Lim,AD,4
SCT Quin Ng,Inf,5
SCT Rose Wong,Inf,5
SCT Sean Tan,Arty,6
SCT Tess Lee,Arty,6
SCT Uri Chen,Supply,1
SCT Vern Lim,Supply,1
SCT Wes Ng,TPT,2
SCT Xavi Wong,TPT,2
SCT Yara Tan,Engr,3
SCT Zeke Lee,Engr,3
SCT Ann Chen,Med,4
SCT Bill Lim,Med,4
SCT Cara Ng,AD,5
SCT Dale Wong,AD,5
SCT Erik Tan,Inf,6
SCT Faye Lee,Inf,6
SCT Greg Chen,Arty,1
SCT Hana Lim,Arty,1
SCT Ian Ng,Supply,2
SCT June Wong,Supply,2
SCT Karl Tan,TPT,3
SCT Lena Lee,TPT,3
SCT Mike Chen,Engr,4
SCT Nora Lim,Engr,4
SCT Owen Ng,Med,5
SCT Pam Wong,Med,5
SCT Quin Tan,AD,6
SCT Rex Lee,AD,6
SCT Sara Chen,Inf,1
SCT Tom Lim,Inf,1
SCT Uma Ng,Arty,2
SCT Vick Wong,Arty,2
SCT Wade Tan,Supply,3
SCT Xena Lee,Supply,3
SCT Yuki Chen,TPT,4
SCT Zack Lim,TPT,4
SCT Amy Ng,Engr,5
SCT Bob Wong,Engr,5
SCT Cady Tan,Med,6
SCT Dean Lee,Med,6
SCT Eva Chen,AD,1
SCT Fred Lim,AD,1
SCT Gina Ng,Inf,2
SCT Hans Wong,Inf,2
SCT Iris Tan,Arty,3
SCT Jack Lee,Arty,3
SCT Kate Chen,Supply,4
SCT Leon Lim,Supply,4
SCT Maya Ng,TPT,5
SCT Neil Wong,TPT,5
SCT Opal Tan,Engr,6
SCT Paul Lee,Engr,6
SCT Quinn Chen,Med,1
SCT Ray Lim,Med,1
SCT Sue Ng,AD,2
SCT Ted Wong,AD,2
SCT Uma Tan,Inf,3
SCT Vic Lee,Inf,3
SCT Aiden Tan,Arty,1
SCT Bella Lim,Supply,1
SCT Caleb Ng,TPT,1
SCT Diana Wong,Engr,1
SCT Ethan Lee,Med,1
SCT Fiona Chen,AD,1
SCT Gabriel Tan,Inf,1
SCT Hannah Goh,Arty,1
SCT Ian Lim,Supply,1
SCT Jessica Tan,TPT,1
SCT Kevin Ng,Engr,1
SCT Lily Wong,Med,1
SCT Mason Lee,AD,1
SCT Nicole Tan,Inf,1
SCT Oliver Lim,Arty,1
SCT Penny Chen,Supply,1
SCT Quinn Wong,TPT,1
SCT Ryan Tan,Engr,1
SCT Sophia Ng,Med,1
SCT Tyler Lim,AD,1
SCT Uma Wong,Inf,1
SCT Victor Tan,Arty,1
SCT Wendy Lim,Supply,1
SCT Xander Ng,TPT,1
SCT Yara Lee,Engr,1
SCT Zachary Tan,Med,1
SCT Amelia Wong,AD,1
SCT Benjamin Lim,Inf,1
SCT Chloe Ng,Arty,1
SCT Daniel Tan,Supply,1
SCT Ella Lee,TPT,1
SCT Felix Wong,Engr,1
SCT Grace Lim,Med,1
SCT Henry Tan,AD,1
SCT Isabella Ng,Inf,1
SCT Jason Lim,Arty,1
SCT Kelly Wong,Supply,1
SCT Liam Tan,TPT,1
SCT Mia Lee,Engr,1
SCT Nathan Ng,Med,1
SCT Olivia Tan,AD,1
SCT Paul Wong,Inf,1
SCT Quinn Lim,Arty,1
SCT Rachel Tan,Supply,1
SCT Samuel Lee,TPT,1
SCT Tiffany Wong,Engr,1
SCT Ulysses Tan,Med,1
SCT Vanessa Ng,AD,1
SCT William Lim,Inf,1
SCT Xena Wong,Arty,1
SCT Yvonne Tan,Supply,1
SCT Zach Lim,TPT,1
SCT Adam Wong,Engr,1
SCT Bella Tan,Med,1
SCT Caleb Lee,AD,1
SCT Diana Ng,Inf,1
SCT Ethan Lim,Arty,1
SCT Fiona Wong,Supply,1
SCT Gabriel Tan,TPT,1
SCT Hannah Lee,Engr,1
SCT Ian Ng,Med,1
SCT Jessica Tan,AD,1
SCT Kevin Wong,Inf,1
SCT Lily Lim,Arty,1
SCT Mason Tan,Supply,1
SCT Nicole Lee,TPT,1
SCT Oliver Wong,Engr,1
SCT Penny Ng,Med,1
SCT Quinn Tan,AD,1
SCT Ryan Lim,Inf,1
SCT Sophia Wong,Arty,1
SCT Tyler Tan,Supply,1
SCT Uma Lee,TPT,1
SCT Victor Wong,Engr,1
SCT Wendy Ng,Med,1
SCT Xander Tan,AD,1
SCT Yara Wong,Inf,1
SCT Zachary Lim,Arty,1
SCT Amelia Tan,Supply,1
SCT Benjamin Lee,TPT,1
SCT Chloe Wong,Engr,1
SCT Daniel Ng,Med,1
SCT Ella Tan,AD,1
SCT Felix Lim,Inf,1
SCT Grace Wong,Arty,1
SCT Henry Tan,Supply,1
SCT Isabella Lee,TPT,1
SCT Jason Wong,Engr,1
SCT Kelly Ng,Med,1
SCT Liam Tan,AD,1
SCT Mia Wong,Inf,1
SCT Nathan Lim,Arty,1
SCT Olivia Tan,Supply,1
SCT Paul Lee,TPT,1
SCT Quinn Wong,Engr,1
SCT Rachel Ng,Med,1
SCT Samuel Tan,AD,1
SCT Tiffany Lim,Inf,1
SCT Ulysses Wong,Arty,1
SCT Vanessa Tan,Supply,1
SCT William Lee,TPT,1
SCT Xena Wong,Engr,1
SCT Yvonne Ng,Med,1
SCT Zach Lim,AD,1
SCT Adam Wong,Inf,1
SCT Bella Tan,Arty,1
SCT Caleb Lee,Supply,1
SCT Diana Ng,TPT,1
SCT Ethan Lim,Engr,1
SCT Fiona Wong,Med,1
SCT Gabriel Tan,AD,1
SCT Hannah Lee,Inf,1
SCT Ian Ng,Arty,1
SCT Jessica Tan,Supply,1
SCT Kevin Wong,TPT,1
SCT Lily Lim,Engr,1
SCT Mason Tan,Med,1
SCT Nicole Lee,AD,1
SCT Oliver Wong,Inf,1
SCT Penny Ng,Arty,1
SCT Quinn Tan,Supply,1
SCT Ryan Lee,TPT,1
SCT Sophia Wong,Engr,1
SCT Tyler Tan,Med,1
SCT Uma Lee,AD,1
SCT Victor Wong,Inf,1
SCT Wendy Ng,Arty,1
SCT Xander Tan,Supply,1
SCT Yara Wong,TPT,1
SCT Zachary Lim,Engr,1
SCT Amelia Tan,Med,1
SCT Benjamin Lee,AD,1
SCT Chloe Wong,Inf,1
SCT Daniel Ng,Arty,1
SCT Ella Tan,Supply,1
SCT Felix Lim,TPT,1
SCT Grace Wong,Engr,1
SCT Henry Tan,Med,1
SCT Isabella Lee,AD,1
SCT Jason Wong,Inf,1
SCT Kelly Ng,Arty,1
SCT Liam Tan,Supply,1
SCT Mia Wong,TPT,1
SCT Nathan Lim,Engr,1
SCT Olivia Tan,Med,1
SCT Paul Lee,AD,1
SCT Quinn Wong,Inf,1
SCT Rachel Ng,Arty,1
SCT Samuel Tan,Supply,1
SCT Tiffany Lim,TPT,1
SCT Ulysses Wong,Engr,1
SCT Vanessa Tan,Med,1
SCT William Lee,AD,1
SCT Xena Wong,Inf,1
SCT Yvonne Ng,Arty,1
SCT Zach Lim,Supply,1
SCT Adam Wong,Arty,1
SCT Bella Tan,Supply,1
SCT Caleb Lee,TPT,1
SCT Diana Ng,Engr,1
SCT Ethan Lim,Med,1
SCT Fiona Wong,AD,1
SCT Gabriel Tan,Inf,1
SCT Hannah Lee,Arty,1
SCT Ian Ng,Supply,1
SCT Jessica Tan,TPT,1
SCT Kevin Wong,Engr,1
SCT Lily Lim,Med,1
SCT Mason Tan,AD,1
SCT Nicole Lee,Inf,1
SCT Oliver Wong,Arty,1
SCT Penny Ng,Supply,1
SCT Quinn Tan,TPT,1
SCT Ryan Lee,Engr,1
SCT Sophia Wong,Med,1
SCT Tyler Tan,AD,1
SCT Uma Lee,Inf,1
SCT Victor Wong,Arty,1
SCT Wendy Ng,Supply,1
SCT Xander Tan,TPT,1
SCT Yara Wong,Engr,1
SCT Zachary Lim,Med,1
SCT Amelia Tan,AD,1
SCT Benjamin Lee,Inf,1
SCT Chloe Wong,Arty,1
SCT Daniel Ng,Supply,1
SCT Ella Tan,TPT,1
SCT Felix Lim,Engr,1
SCT Grace Wong,Med,1
SCT Henry Tan,AD,1
SCT Isabella Lee,Inf,1
SCT Jason Wong,Arty,1
SCT Kelly Ng,Supply,1
SCT Liam Tan,TPT,1
SCT Mia Wong,Engr,1
SCT Nathan Lim,Med,1
SCT Olivia Tan,AD,1
SCT Paul Lee,Inf,1
SCT Quinn Wong,Arty,1
SCT Rachel Ng,Supply,1
SCT Samuel Tan,TPT,1
SCT Tiffany Lim,Engr,1
SCT Ulysses Wong,Med,1
SCT Vanessa Tan,AD,1
SCT William Lee,Inf,1
SCT Xena Wong,Arty,1
SCT Yvonne Ng,Supply,1
SCT Zach Lim,TPT,1
SCT Adam Wong,Engr,1
SCT Bella Tan,Med,1
SCT Caleb Lee,AD,1
SCT Diana Ng,Inf,1
SCT Ethan Lim,Arty,1
SCT Fiona Wong,Supply,1
SCT Gabriel Tan,TPT,1
SCT Hannah Lee,Engr,1
SCT Ian Ng,Med,1
SCT Jessica Tan,AD,1
SCT Kevin Wong,Inf,1
SCT Lily Lim,Arty,1
SCT Mason Tan,Supply,1
SCT Nicole Lee,TPT,1
SCT Oliver Wong,Engr,1
SCT Penny Ng,Med,1
SCT Quinn Tan,AD,1
SCT Ryan Lee,Inf,1
SCT Sophia Wong,Arty,1
SCT Tyler Tan,Supply,1
SCT Uma Lee,TPT,1
SCT Victor Wong,Engr,1
SCT Wendy Ng,Med,1
SCT Xander Tan,AD,1
SCT Yara Wong,Inf,1
SCT Zachary Lim,Arty,1
SCT Amelia Tan,Supply,1
SCT Benjamin Lee,TPT,1
SCT Chloe Wong,Engr,1
SCT Daniel Ng,Med,1
SCT Ella Tan,AD,1
SCT Felix Lim,Inf,1
SCT Grace Wong,Arty,1
SCT Henry Tan,Supply,1
SCT Isabella Lee,TPT,1
SCT Jason Wong,Engr,1
SCT Kelly Ng,Med,1
SCT Liam Tan,AD,2
SCT Mia Wong,Inf,2
SCT Nathan Lim,Arty,2
SCT Olivia Tan,Supply,2
SCT Paul Lee,TPT,2
SCT Quinn Wong,Engr,2
SCT Rachel Ng,Med,2
SCT Samuel Tan,AD,2
SCT Tiffany Lim,Inf,2
SCT Ulysses Wong,Arty,2
SCT Vanessa Tan,Supply,2
SCT William Lee,TPT,2
SCT Xena Wong,Engr,2
SCT Yvonne Ng,Med,2
SCT Zach Lim,AD,2
SCT Adam Wong,Inf,2
SCT Bella Tan,Arty,2
SCT Caleb Lee,Supply,2
SCT Diana Ng,TPT,2
SCT Ethan Lim,Engr,2
SCT Fiona Wong,Med,2
SCT Gabriel Tan,AD,2
SCT Hannah Lee,Inf,2
SCT Ian Ng,Arty,2
SCT Jessica Tan,Supply,2
SCT Kevin Wong,TPT,2
SCT Lily Lim,Engr,2
SCT Mason Tan,Med,2
SCT Nicole Lee,AD,2
SCT Oliver Wong,Inf,2
SCT Penny Ng,Arty,2
SCT Quinn Tan,Supply,2
SCT Ryan Lee,TPT,2
SCT Sophia Wong,Engr,2
SCT Tyler Tan,Med,2
SCT Uma Lee,AD,2
SCT Victor Wong,Inf,2
SCT Wendy Ng,Arty,2
SCT Xander Tan,Supply,2
SCT Yara Wong,TPT,2
SCT Zachary Lim,Engr,2
SCT Amelia Tan,Med,2
SCT Benjamin Lee,AD,2
SCT Chloe Wong,Inf,2
SCT Daniel Ng,Arty,2
SCT Ella Tan,Supply,2
SCT Felix Lim,TPT,2
SCT Grace Wong,Engr,2
SCT Henry Tan,Med,2
SCT Isabella Lee,AD,2
SCT Jason Wong,Inf,2
SCT Kelly Ng,Arty,2
SCT Liam Tan,Supply,2
SCT Mia Wong,TPT,2
SCT Nathan Lim,Engr,2
SCT Olivia Tan,Med,2
SCT Paul Lee,AD,2
SCT Quinn Wong,Inf,2
SCT Rachel Ng,Arty,2
SCT Samuel Tan,Supply,2
SCT Tiffany Lim,TPT,2
SCT Ulysses Wong,Engr,2
SCT Vanessa Tan,Med,2
SCT William Lee,AD,2
SCT Xena Wong,Inf,2
SCT Yvonne Ng,Arty,2
SCT Zach Lim,Supply,2
SCT Adam Wong,Arty,2
SCT Bella Tan,Supply,2
SCT Caleb Lee,TPT,2
SCT Diana Ng,Engr,2
SCT Ethan Lim,Med,2
SCT Fiona Wong,AD,2
SCT Gabriel Tan,Inf,2
SCT Hannah Lee,Arty,2
SCT Ian Ng,Supply,2
SCT Jessica Tan,TPT,2
SCT Kevin Wong,Engr,2
SCT Lily Lim,Med,2
SCT Mason Tan,AD,2
SCT Nicole Lee,Inf,2
SCT Oliver Wong,Arty,2
SCT Penny Ng,Supply,2
SCT Quinn Tan,TPT,2
SCT Ryan Lee,Engr,2
SCT Sophia Wong,Med,2
SCT Tyler Tan,AD,2
SCT Uma Lee,Inf,2
SCT Victor Wong,Arty,2
SCT Wendy Ng,Supply,2
SCT Xander Tan,TPT,2
SCT Yara Wong,Engr,2
SCT Zachary Lim,Med,2
SCT Amelia Tan,AD,2
SCT Benjamin Lee,Inf,2
SCT Chloe Wong,Arty,2
SCT Daniel Ng,Supply,2
SCT Ella Tan,TPT,2
SCT Felix Lim,Engr,2
SCT Grace Wong,Med,2
SCT Henry Tan,AD,2
SCT Isabella Lee,Inf,2
SCT Jason Wong,Arty,2
SCT Kelly Ng,Supply,2
SCT Liam Tan,TPT,2
SCT Mia Wong,Engr,2
SCT Nathan Lim,Med,2
SCT Olivia Tan,AD,2
SCT Paul Lee,Inf,2
SCT Quinn Wong,Arty,2
SCT Rachel Ng,Supply,2
SCT Samuel Tan,TPT,2
SCT Tiffany Lim,Engr,2
SCT Ulysses Wong,Med,2
SCT Vanessa Tan,AD,2
SCT William Lee,Inf,2
SCT Xena Wong,Arty,2
SCT Yvonne Ng,Supply,2
SCT Zach Lim,TPT,2
SCT Adam Wong,Engr,2
SCT Bella Tan,Med,2
SCT Caleb Lee,AD,2
SCT Diana Ng,Inf,2
SCT Ethan Lim,Arty,2
SCT Fiona Wong,Supply,2
SCT Gabriel Tan,TPT,2
SCT Hannah Lee,Engr,2
SCT Ian Ng,Med,2
SCT Jessica Tan,AD,2
SCT Kevin Wong,Inf,2
SCT Lily Lim,Arty,2
SCT Mason Tan,Supply,2
SCT Nicole Lee,TPT,2
SCT Oliver Wong,Engr,2
SCT Penny Ng,Med,2
SCT Quinn Tan,AD,2
SCT Ryan Lee,Inf,2
SCT Sophia Wong,Arty,2
SCT Tyler Tan,Supply,2
SCT Uma Lee,TPT,2
SCT Victor Wong,Engr,2
SCT Wendy Ng,Med,3
SCT Xander Tan,AD,3
SCT Yara Wong,Inf,3
SCT Zachary Lim,Arty,3
SCT Amelia Tan,Supply,3
SCT Benjamin Lee,TPT,3
SCT Chloe Wong,Engr,3
SCT Daniel Ng,Med,3
SCT Ella Tan,AD,3
SCT Felix Lim,Inf,3
SCT Grace Wong,Arty,3
SCT Henry Tan,Supply,3
SCT Isabella Lee,TPT,3
SCT Jason Wong,Engr,3
SCT Kelly Ng,Med,3
SCT Liam Tan,AD,3
SCT Mia Wong,Inf,3
SCT Nathan Lim,Arty,3
SCT Olivia Tan,Supply,3
SCT Paul Lee,TPT,3
SCT Quinn Wong,Engr,3
SCT Rachel Ng,Med,3
SCT Samuel Tan,AD,3
SCT Tiffany Lim,Inf,3
SCT Ulysses Wong,Arty,3
SCT Vanessa Tan,Supply,3
SCT William Lee,TPT,3
SCT Xena Wong,Engr,3
SCT Yvonne Ng,Med,3
SCT Zach Lim,AD,3
SCT Adam Wong,Inf,3
SCT Bella Tan,Arty,3
SCT Caleb Lee,Supply,3
SCT Diana Ng,TPT,3
SCT Ethan Lim,Engr,3
SCT Fiona Wong,Med,3
SCT Gabriel Tan,AD,3
SCT Hannah Lee,Inf,3
SCT Ian Ng,Arty,3
SCT Jessica Tan,Supply,3
SCT Kevin Wong,TPT,3
SCT Lily Lim,Engr,3
SCT Mason Tan,Med,3
SCT Nicole Lee,AD,3
SCT Oliver Wong,Inf,3
SCT Penny Ng,Arty,3
SCT Quinn Tan,Supply,3
SCT Ryan Lee,TPT,3
SCT Sophia Wong,Engr,3
SCT Tyler Tan,Med,3
SCT Uma Lee,AD,3
SCT Victor Wong,Inf,3
SCT Wendy Ng,Arty,3
SCT Xander Tan,Supply,3
SCT Yara Wong,TPT,3
SCT Zachary Lim,Engr,3
SCT Amelia Tan,Med,3
SCT Benjamin Lee,AD,3
SCT Chloe Wong,Inf,3
SCT Daniel Ng,Arty,3
SCT Ella Tan,Supply,3
SCT Felix Lim,TPT,3
SCT Grace Wong,Engr,3
SCT Henry Tan,Med,3
SCT Isabella Lee,AD,3
SCT Jason Wong,Inf,3
SCT Kelly Ng,Arty,3
SCT Liam Tan,Supply,3
SCT Mia Wong,TPT,3
SCT Nathan Lim,Engr,3
SCT Olivia Tan,Med,3
SCT Paul Lee,AD,3
SCT Quinn Wong,Inf,3
SCT Rachel Ng,Arty,3
SCT Samuel Tan,Supply,3
SCT Tiffany Lim,TPT,3
SCT Ulysses Wong,Engr,3
SCT Vanessa Tan,Med,3
SCT William Lee,AD,3
SCT Xena Wong,Inf,3
SCT Yvonne Ng,Arty,3
SCT Zach Lim,Supply,3
SCT Adam Wong,Arty,3
SCT Bella Tan,Supply,3
SCT Caleb Lee,TPT,3
SCT Diana Ng,Engr,3
SCT Ethan Lim,Med,3
SCT Fiona Wong,AD,3
SCT Gabriel Tan,Inf,3
SCT Hannah Lee,Arty,3
SCT Ian Ng,Supply,3
SCT Jessica Tan,TPT,3
SCT Kevin Wong,Engr,3
SCT Lily Lim,Med,3
SCT Mason Tan,AD,3
SCT Nicole Lee,Inf,3
SCT Oliver Wong,Arty,3
SCT Penny Ng,Supply,3
SCT Quinn Tan,TPT,3
SCT Ryan Lee,Engr,3
SCT Sophia Wong,Med,3
SCT Tyler Tan,AD,3
SCT Uma Lee,Inf,3
SCT Victor Wong,Arty,3
SCT Wendy Ng,Supply,3
SCT Xander Tan,TPT,3
SCT Yara Wong,Engr,3
SCT Zachary Lim,Med,3
SCT Amelia Tan,AD,3
SCT Benjamin Lee,Inf,3
SCT Chloe Wong,Arty,3
SCT Daniel Ng,Supply,3
SCT Ella Tan,TPT,3
SCT Felix Lim,Engr,3
SCT Grace Wong,Med,3
SCT Henry Tan,AD,3
SCT Isabella Lee,Inf,3
SCT Jason Wong,Arty,3
SCT Kelly Ng,Supply,3
SCT Liam Tan,TPT,3
SCT Mia Wong,Engr,3
SCT Nathan Lim,Med,3
SCT Olivia Tan,AD,3
SCT Paul Lee,Inf,3
SCT Quinn Wong,Arty,3
SCT Rachel Ng,Supply,3
SCT Samuel Tan,TPT,3
SCT Tiffany Lim,Engr,3
SCT Ulysses Wong,Med,3
SCT Vanessa Tan,AD,3
SCT William Lee,Inf,3
SCT Xena Wong,Arty,3
SCT Yvonne Ng,Supply,3
SCT Zach Lim,TPT,3
SCT Adam Wong,Engr,4
SCT Bella Tan,Med,4
SCT Caleb Lee,AD,4
SCT Diana Ng,Inf,4
SCT Ethan Lim,Arty,4
SCT Fiona Wong,Supply,4
SCT Gabriel Tan,TPT,4
SCT Hannah Lee,Engr,4
SCT Ian Ng,Med,4
SCT Jessica Tan,AD,4
SCT Kevin Wong,Inf,4
SCT Lily Lim,Arty,4
SCT Mason Tan,Supply,4
SCT Nicole Lee,TPT,4
SCT Oliver Wong,Engr,4
SCT Penny Ng,Med,4
SCT Quinn Tan,AD,4
SCT Ryan Lee,Inf,4
SCT Sophia Wong,Arty,4
SCT Tyler Tan,Supply,4
SCT Uma Lee,TPT,4
SCT Victor Wong,Engr,4
SCT Wendy Ng,Med,4
SCT Xander Tan,AD,4
SCT Yara Wong,Inf,4
SCT Zachary Lim,Arty,4
SCT Amelia Tan,Supply,4
SCT Benjamin Lee,TPT,4
SCT Chloe Wong,Engr,4
SCT Daniel Ng,Med,4
SCT Ella Tan,AD,4
SCT Felix Lim,Inf,4
SCT Grace Wong,Arty,4
SCT Henry Tan,Supply,4
SCT Isabella Lee,TPT,4
SCT Jason Wong,Engr,4
SCT Kelly Ng,Med,4
SCT Liam Tan,AD,4
SCT Mia Wong,Inf,4
SCT Nathan Lim,Arty,4
SCT Olivia Tan,Supply,4
SCT Paul Lee,TPT,4
SCT Quinn Wong,Engr,4
SCT Rachel Ng,Med,4
SCT Samuel Tan,AD,4
SCT Tiffany Lim,Inf,4
SCT Ulysses Wong,Arty,4
SCT Vanessa Tan,Supply,4
SCT William Lee,TPT,4
SCT Xena Wong,Engr,4
SCT Yvonne Ng,Med,4
SCT Zach Lim,AD,4
SCT Adam Wong,Inf,4
SCT Bella Tan,Arty,4
SCT Caleb Lee,Supply,4
SCT Diana Ng,TPT,4
SCT Ethan Lim,Engr,4
SCT Fiona Wong,Med,4
SCT Gabriel Tan,AD,4
SCT Hannah Lee,Inf,4
SCT Ian Ng,Arty,4
SCT Jessica Tan,Supply,4
SCT Kevin Wong,TPT,4
SCT Lily Lim,Engr,4
SCT Mason Tan,Med,4
SCT Nicole Lee,AD,4
SCT Oliver Wong,Inf,4
SCT Penny Ng,Arty,4
SCT Quinn Tan,Supply,4
SCT Ryan Lee,TPT,4
SCT Sophia Wong,Engr,4
SCT Tyler Tan,Med,4
SCT Uma Lee,AD,4
SCT Victor Wong,Inf,4
SCT Wendy Ng,Arty,4
SCT Xander Tan,Supply,4
SCT Yara Wong,TPT,4
SCT Zachary Lim,Engr,4
SCT Amelia Tan,Med,4
SCT Benjamin Lee,AD,4
SCT Chloe Wong,Inf,4
SCT Daniel Ng,Arty,4
SCT Ella Tan,Supply,4
SCT Felix Lim,TPT,4
SCT Grace Wong,Engr,4
SCT Henry Tan,Med,4
SCT Isabella Lee,AD,4
SCT Jason Wong,Inf,4
SCT Kelly Ng,Arty,4
SCT Liam Tan,Supply,4
SCT Mia Wong,TPT,4
SCT Nathan Lim,Engr,4
SCT Olivia Tan,Med,4
SCT Paul Lee,AD,4
SCT Quinn Wong,Inf,4
SCT Rachel Ng,Arty,4
SCT Samuel Tan,Supply,4
SCT Tiffany Lim,TPT,4
SCT Ulysses Wong,Engr,4
SCT Vanessa Tan,Med,4
SCT William Lee,AD,4
SCT Xena Wong,Inf,4
SCT Yvonne Ng,Arty,4
SCT Zach Lim,Supply,4
SCT Adam Wong,Arty,4
SCT Bella Tan,Supply,4
SCT Caleb Lee,TPT,4
SCT Diana Ng,Engr,4
SCT Ethan Lim,Med,4
SCT Fiona Wong,AD,4
SCT Gabriel Tan,Inf,4
SCT Hannah Lee,Arty,4
SCT Ian Ng,Supply,4
SCT Jessica Tan,TPT,4
SCT Kevin Wong,Engr,4
SCT Lily Lim,Med,4
SCT Mason Tan,AD,4
SCT Nicole Lee,Inf,4
SCT Oliver Wong,Arty,4
SCT Penny Ng,Supply,4
SCT Quinn Tan,TPT,4
SCT Ryan Lee,Engr,4
SCT Sophia Wong,Med,4
SCT Tyler Tan,AD,1
SCT Uma Lee,Inf,1
SCT Victor Wong,Arty,1
SCT Wendy Ng,Supply,1
SCT Xander Tan,TPT,1
SCT Yara Wong,Engr,1
SCT Zachary Lim,Med,1
SCT Amelia Tan,AD,1
SCT Benjamin Lee,Inf,1
SCT Chloe Wong,Arty,1
SCT Daniel Ng,Supply,1
SCT Ella Tan,TPT,1
SCT Felix Lim,Engr,1
SCT Grace Wong,Med,1
SCT Henry Tan,AD,1
SCT Isabella Lee,Inf,1
SCT Jason Wong,Arty,1
SCT Kelly Ng,Supply,1
SCT Liam Tan,TPT,1
SCT Mia Wong,Engr,1
SCT Nathan Lim,Med,1
SCT Olivia Tan,AD,1
SCT Paul Lee,Inf,1
SCT Quinn Wong,Arty,1
SCT Rachel Ng,Supply,1
SCT Samuel Tan,TPT,1
SCT Tiffany Lim,Engr,1
SCT Ulysses Wong,Med,1
SCT Vanessa Tan,AD,1
SCT William Lee,Inf,1
SCT Xena Wong,Arty,1
SCT Yvonne Ng,Supply,1
SCT Zach Lim,TPT,1
SCT Adam Wong,Engr,1
SCT Bella Tan,Med,1
SCT Caleb Lee,AD,1
SCT Diana Ng,Inf,1
SCT Ethan Lim,Arty,1
SCT Fiona Wong,Supply,1
SCT Gabriel Tan,TPT,1
SCT Hannah Lee,Engr,1
SCT Ian Ng,Med,1
SCT Jessica Tan,AD,1
SCT Kevin Wong,Inf,1
SCT Lily Lim,Arty,1
SCT Mason Tan,Supply,1
SCT Nicole Lee,TPT,1
SCT Oliver Wong,Engr,1
SCT Penny Ng,Med,1
SCT Quinn Tan,AD,1
SCT Ryan Lee,Inf,1
SCT Sophia Wong,Arty,1
SCT Tyler Tan,Supply,1
SCT Uma Lee,TPT,1
SCT Victor Wong,Engr,1
SCT Wendy Ng,Med,1
SCT Xander Tan,AD,1
SCT Yara Wong,Inf,1
SCT Zachary Lim,Arty,1
SCT Amelia Tan,Supply,1
SCT Benjamin Lee,TPT,1
SCT Chloe Wong,Engr,1
SCT Daniel Ng,Med,1
SCT Ella Tan,AD,1
SCT Felix Lim,Inf,1
SCT Grace Wong,Arty,1
SCT Henry Tan,Supply,1
SCT Isabella Lee,TPT,1
SCT Jason Wong,Engr,1
SCT Kelly Ng,Med,1
SCT Liam Tan,AD,1
SCT Mia Wong,Inf,1
SCT Nathan Lim,Arty,1
SCT Olivia Tan,Supply,1
SCT Paul Lee,TPT,1
SCT Quinn Wong,Engr,1
SCT Rachel Ng,Med,1
SCT Samuel Tan,AD,1
SCT Tiffany Lim,Inf,1
SCT Ulysses Wong,Arty,1
SCT Vanessa Tan,Supply,1
SCT William Lee,TPT,1
SCT Xena Wong,Engr,1
SCT Yvonne Ng,Med,1
SCT Zach Lim,AD,1
SCT Adam Wong,Inf,1
SCT Bella Tan,Arty,1
SCT Caleb Lee,Supply,1
SCT Diana Ng,TPT,1
SCT Ethan Lim,Engr,1
SCT Fiona Wong,Med,1
SCT Gabriel Tan,AD,1
SCT Hannah Lee,Inf,1
SCT Ian Ng,Arty,1
SCT Jessica Tan,Supply,1
SCT Kevin Wong,TPT,1
SCT Lily Lim,Engr,1
SCT Mason Tan,Med,1
SCT Nicole Lee,AD,1
SCT Oliver Wong,Inf,1
SCT Penny Ng,Arty,1
SCT Quinn Tan,Supply,1
SCT Ryan Lee,TPT,1
SCT Sophia Wong,Engr,1
SCT Tyler Tan,Med,1
SCT Uma Lee,AD,1
SCT Victor Wong,Inf,1
SCT Wendy Ng,Arty,1
SCT Xander Tan,Supply,1
SCT Yara Wong,TPT,1
SCT Zachary Lim,Engr,1
SCT Amelia Tan,Med,1
SCT Benjamin Lee,AD,1
SCT Chloe Wong,Inf,1
SCT Daniel Ng,Arty,1
SCT Ella Tan,Supply,1
SCT Felix Lim,TPT,1
SCT Grace Wong,Engr,1
SCT Henry Tan,Med,1
SCT Isabella Lee,AD,1
SCT Jason Wong,Inf,1
SCT Kelly Ng,Arty,1
SCT Liam Tan,Supply,1
SCT Mia Wong,TPT,1
SCT Nathan Lim,Engr,1
SCT Olivia Tan,Med,1
SCT Paul Lee,AD,1
SCT Quinn Wong,Inf,1
SCT Rachel Ng,Arty,1
SCT Samuel Tan,Supply,1
SCT Tiffany Lim,TPT,1
SCT Ulysses Wong,Engr,1
SCT Vanessa Tan,Med,1
SCT William Lee,AD,1
SCT Xena Wong,Inf,1
SCT Yvonne Ng,Arty,1
SCT Zach Lim,Supply,1
SCT Adam Wong,Arty,1
SCT Bella Tan,Supply,1
SCT Caleb Lee,TPT,1
SCT Diana Ng,Engr,1
SCT Ethan Lim,Med,1
SCT Fiona Wong,AD,1
SCT Gabriel Tan,Inf,1
SCT Hannah Lee,Arty,1
SCT Ian Ng,Supply,1
SCT Jessica Tan,TPT,1
SCT Kevin Wong,Engr,1
SCT Lily Lim,Med,1
SCT Mason Tan,AD,1
SCT Nicole Lee,Inf,1
SCT Oliver Wong,Arty,1
SCT Penny Ng,Supply,1
SCT Quinn Tan,TPT,1
SCT Ryan Lee,Engr,1
SCT Sophia Wong,Med,1
SCT Tyler Tan,AD,1
SCT Uma Lee,Inf,1
SCT Victor Wong,Arty,1
SCT Wendy Ng,Supply,1
SCT Xander Tan,TPT,1
SCT Yara Wong,Engr,1
SCT Zachary Lim,Med,1
SCT Amelia Tan,AD,1
SCT Benjamin Lee,Inf,1
SCT Chloe Wong,Arty,1
SCT Daniel Ng,Supply,1
SCT Ella Tan,TPT,1
SCT Felix Lim,Engr,1
SCT Grace Wong,Med,1
SCT Henry Tan,AD,1
SCT Isabella Lee,Inf,1
SCT Jason Wong,Arty,1
SCT Kelly Ng,Supply,1
SCT Liam Tan,TPT,1
SCT Mia Wong,Engr,1
SCT Nathan Lim,Med,1
SCT Olivia Tan,AD,1
SCT Paul Lee,Inf,1
SCT Quinn Wong,Arty,1
SCT Rachel Ng,Supply,1
SCT Samuel Tan,TPT,1
SCT Tiffany Lim,Engr,1
SCT Ulysses Wong,Med,1
SCT Vanessa Tan,AD,1
SCT William Lee,Inf,1
SCT Xena Wong,Arty,1
SCT Yvonne Ng,Supply,1
SCT Zach Lim,TPT,1
SCT Adam Wong,Engr,1
SCT Bella Tan,Med,1
SCT Caleb Lee,AD,1
SCT Diana Ng,Inf,1
SCT Ethan Lim,Arty,1
SCT Fiona Wong,Supply,1
SCT Gabriel Tan,TPT,1
SCT Hannah Lee,Engr,1
SCT Ian Ng,Med,1
SCT Jessica Tan,AD,1
SCT Kevin Wong,Inf,1
SCT Lily Lim,Arty,1
SCT Mason Tan,Supply,1
SCT Nicole Lee,TPT,1
SCT Oliver Wong,Engr,1
SCT Penny Ng,Med,1
SCT Quinn Tan,AD,1
SCT Ryan Lee,Inf,1
SCT Sophia Wong,Arty,1
SCT Tyler Tan,Supply,1
SCT Uma Lee,TPT,1
SCT Victor Wong,Engr,1
SCT Wendy Ng,Med,1
SCT Xander Tan,AD,1
SCT Yara Wong,Inf,1
SCT Zachary Lim,Arty,1
SCT Amelia Tan,Supply,1
SCT Benjamin Lee,TPT,1
SCT Chloe Wong,Engr,1
SCT Daniel Ng,Med,1
SCT Ella Tan,AD,1
SCT Felix Lim,Inf,1
SCT Grace Wong,Arty,1
SCT Henry Tan,Supply,1
SCT Isabella Lee,TPT,1
SCT Jason Wong,Engr,1
SCT Kelly Ng,Med,1
SCT Liam Tan,AD,1
SCT Mia Wong,Inf,1
SCT Nathan Lim,Arty,1
SCT Olivia Tan,Supply,1
SCT Paul Lee,TPT,1
SCT Quinn Wong,Engr,1
SCT Rachel Ng,Med,1
SCT Samuel Tan,AD,1
SCT Tiffany Lim,Inf,1
SCT Ulysses Wong,Arty,1
SCT Vanessa Tan,Supply,1
SCT William Lee,TPT,1
SCT Xena Wong,Engr,1
SCT Yvonne Ng,Med,1
SCT Zach Lim,AD,1
SCT Adam Wong,Inf,1
SCT Bella Tan,Arty,1
SCT Caleb Lee,Supply,1
SCT Diana Ng,TPT,1
SCT Ethan Lim,Engr,1
SCT Fiona Wong,Med,1
SCT Gabriel Tan,AD,1
SCT Hannah Lee,Inf,1
SCT Ian Ng,Arty,1
SCT Jessica Tan,Supply,1
SCT Kevin Wong,TPT,1
SCT Lily Lim,Engr,1
SCT Mason Tan,Med,1
SCT Nicole Lee,AD,1
SCT Oliver Wong,Inf,1
SCT Penny Ng,Arty,1
SCT Quinn Tan,Supply,1
SCT Ryan Lee,TPT,1
SCT Sophia Wong,Engr,1
SCT Tyler Tan,Med,1
SCT Uma Lee,AD,1
SCT Victor Wong,Inf,1
SCT Wendy Ng,Arty,1
SCT Xander Tan,Supply,1
SCT Yara Wong,TPT,1
SCT Zachary Lim,Engr,1
SCT Amelia Tan,Med,1
SCT Benjamin Lee,AD,1
SCT Chloe Wong,Inf,1
SCT Daniel Ng,Arty,1
SCT Ella Tan,Supply,1
SCT Felix Lim,TPT,1
SCT Grace Wong,Engr,1
SCT Henry Tan,Med,1
SCT Isabella Lee,AD,1
SCT Jason Wong,Inf,1
SCT Kelly Ng,Arty,1
SCT Liam Tan,Supply,1
SCT Mia Wong,TPT,1
SCT Nathan Lim,Engr,1
SCT Olivia Tan,Med,1
SCT Paul Lee,AD,1
SCT Quinn Wong,Inf,1
SCT Rachel Ng,Arty,1
SCT Samuel Tan,Supply,1
SCT Tiffany Lim,TPT,1
SCT Ulysses Wong,Engr,1
SCT Vanessa Tan,Med,1
SCT William Lee,AD,1
SCT Xena Wong,Inf,1
SCT Yvonne Ng,Arty,1
SCT Zach Lim,Supply,1
SCT Adam Wong,Arty,1
SCT Bella Tan,Supply,1
SCT Caleb Lee,TPT,1
SCT Diana Ng,Engr,1
SCT Ethan Lim,Med,1
SCT Fiona Wong,AD,1
SCT Gabriel Tan,Inf,1
SCT Hannah Lee,Arty,1
SCT Ian Ng,Supply,1
SCT Jessica Tan,TPT,1
SCT Kevin Wong,Engr,1
SCT Lily Lim,Med,1
SCT Mason Tan,AD,1
SCT Nicole Lee,Inf,1
SCT Oliver Wong,Arty,1
SCT Penny Ng,Supply,1
SCT Quinn Tan,TPT,1
SCT Ryan Lee,Engr,1
SCT Sophia Wong,Med,1
SCT Tyler Tan,AD,1
SCT Uma Lee,Inf,1
SCT Victor Wong,Arty,1
SCT Wendy Ng,Supply,1
SCT Xander Tan,TPT,1
SCT Yara Wong,Engr,1
SCT Zachary Lim,Med,1
SCT Amelia Tan,AD,1
SCT Benjamin Lee,Inf,1
SCT Chloe Wong,Arty,1
SCT Daniel Ng,Supply,1
SCT Ella Tan,TPT,1
SCT Felix Lim,Engr,1
SCT Grace Wong,Med,1
SCT Henry Tan,AD,1
SCT Isabella Lee,Inf,1
SCT Jason Wong,Arty,1
SCT Kelly Ng,Supply,1
SCT Liam Tan,TPT,1
SCT Mia Wong,Engr,1
SCT Nathan Lim,Med,1
SCT Olivia Tan,AD,1
SCT Paul Lee,Inf,1
SCT Quinn Wong,Arty,1
SCT Rachel Ng,Supply,1
SCT Samuel Tan,TPT,1
SCT Tiffany Lim,Engr,1
SCT Ulysses Wong,Med,1
SCT Vanessa Tan,AD,1
SCT William Lee,Inf,1
SCT Xena Wong,Arty,1
SCT Yvonne Ng,Supply,1
SCT Zach Lim,TPT,1
SCT Adam Wong,Engr,1
SCT Bella Tan,Med,1
SCT Caleb Lee,AD,1
SCT Diana Ng,Inf,1
SCT Ethan Lim,Arty,1
SCT Fiona Wong,Supply,1
SCT Gabriel Tan,TPT,1
SCT Hannah Lee,Engr,1
SCT Ian Ng,Med,1
SCT Jessica Tan,AD,1
SCT Kevin Wong,Inf,1
SCT Lily Lim,Arty,1
SCT Mason Tan,Supply,1
SCT Nicole Lee,TPT,1
SCT Oliver Wong,Engr,1
SCT Penny Ng,Med,1
SCT Quinn Tan,AD,1
SCT Ryan Lee,Inf,1
SCT Sophia Wong,Arty,1
SCT Tyler Tan,Supply,1
SCT Uma Lee,TPT,1
SCT Victor Wong,Engr,1
SCT Wendy Ng,Med,1
SCT Xander Tan,AD,1
SCT Yara Wong,Inf,1
SCT Zachary Lim,Arty,1
SCT Amelia Tan,Supply,1
SCT Benjamin Lee,TPT,1
SCT Chloe Wong,Engr,1
SCT Daniel Ng,Med,1
SCT Ella Tan,AD,1
SCT Felix Lim,Inf,1
SCT Grace Wong,Arty,1
SCT Henry Tan,Supply,1
SCT Isabella Lee,TPT,1
SCT Jason Wong,Engr,1
SCT Kelly Ng,Med,1
SCT Liam Tan,AD,1
SCT Mia Wong,Inf,1
SCT Nathan Lim,Arty,1
SCT Olivia Tan,Supply,1
SCT Paul Lee,TPT,1
SCT Quinn Wong,Engr,1
SCT Rachel Ng,Med,1
SCT Samuel Tan,AD,1
SCT Tiffany Lim,Inf,1
SCT Ulysses Wong,Arty,1
SCT Vanessa Tan,Supply,1
SCT William Lee,TPT,1
SCT Xena Wong,Engr,1
SCT Yvonne Ng,Med,1
SCT Zach Lim,AD,1
SCT Adam Wong,Inf,1
SCT Bella Tan,Arty,1
SCT Caleb Lee,Supply,1
SCT Diana Ng,TPT,1
SCT Ethan Lim,Engr,1
SCT Fiona Wong,Med,1
SCT Gabriel Tan,AD,1
SCT Hannah Lee,Inf,1
SCT Ian Ng,Arty,1
SCT Jessica Tan,Supply,1
SCT Kevin Wong,TPT,1
SCT Lily Lim,Engr,1
SCT Mason Tan,Med,1
SCT Nicole Lee,AD,1
SCT Oliver Wong,Inf,1
SCT Penny Ng,Arty,1
SCT Quinn Tan,Supply,1
SCT Ryan Lee,TPT,1
SCT Sophia Wong,Engr,1
SCT Tyler Tan,Med,1
SCT Uma Lee,AD,1
SCT Victor Wong,Inf,1
SCT Wendy Ng,Arty,1
SCT Xander Tan,Supply,1
SCT Yara Wong,TPT,1
SCT Zachary Lim,Engr,1
SCT Amelia Tan,Med,1
SCT Benjamin Lee,AD,1
SCT Chloe Wong,Inf,1
SCT Daniel Ng,Arty,1
SCT Ella Tan,Supply,1
SCT Felix Lim,TPT,1
SCT Grace Wong,Engr,1
SCT Henry Tan,Med,1
SCT Isabella Lee,AD,1
SCT Jason Wong,Inf,1
SCT Kelly Ng,Arty,1
SCT Liam Tan,Supply,1
SCT Mia Wong,TPT,1
SCT Nathan Lim,Engr,1
SCT Olivia Tan,Med,1
SCT Paul Lee,AD,1
SCT Quinn Wong,Inf,1
SCT Rachel Ng,Arty,1
SCT Samuel Tan,Supply,1
SCT Tiffany Lim,TPT,1
SCT Ulysses Wong,Engr,1
SCT Vanessa Tan,Med,1
SCT William Lee,AD,1
SCT Xena Wong,Inf,1
SCT Yvonne Ng,Arty,1
SCT Zach Lim,Supply,1
SCT Adam Wong,Arty,1
SCT Bella Tan,Supply,1
SCT Caleb Lee,TPT,1
SCT Diana Ng,Engr,1
SCT Ethan Lim,Med,1
SCT Fiona Wong,AD,1
SCT Gabriel Tan,Inf,1
SCT Hannah Lee,Arty,1
SCT Ian Ng,Supply,1
SCT Jessica Tan,TPT,1
SCT Kevin Wong,Engr,1
SCT Lily Lim,Med,1
SCT Mason Tan,AD,1
SCT Nicole Lee,Inf,1
SCT Oliver Wong,Arty,1
SCT Penny Ng,Supply,1
SCT Quinn Tan,TPT,1
SCT Ryan Lee,Engr,1
SCT Sophia Wong,Med,1
SCT Tyler Tan,AD,1
SCT Uma Lee,Inf,1
SCT Victor Wong,Arty,1
SCT Wendy Ng,Supply,1
SCT Xander Tan,TPT,1
SCT Yara Wong,Engr,1
SCT Zachary Lim,Med,1
SCT Amelia Tan,AD,1
SCT Benjamin Lee,Inf,1
SCT Chloe Wong,Arty,1
SCT Daniel Ng,Supply,1
SCT Ella Tan,TPT,1
SCT Felix Lim,Engr,1
SCT Grace Wong,Med,1
SCT Henry Tan,AD,1
SCT Isabella Lee,Inf,1
SCT Jason Wong,Arty,1
SCT Kelly Ng,Supply,1
SCT Liam Tan,TPT,1
SCT Mia Wong,Engr,1
SCT Nathan Lim,Med,1
SCT Olivia Tan,AD,1
SCT Paul Lee,Inf,1
SCT Quinn Wong,Arty,1
SCT Rachel Ng,Supply,1
SCT Aiden Tan,Arty,2
SCT Bella Lim,Supply,2
SCT Caleb Ng,TPT,2
SCT Diana Wong,Engr,2
SCT Ethan Lee,Med,2
SCT Fiona Chen,AD,2
SCT Gabriel Tan,Inf,2
SCT Hannah Goh,Arty,2
SCT Ian Lim,Supply,2
SCT Jessica Tan,TPT,2
SCT Kevin Ng,Engr,2
SCT Lily Wong,Med,2
SCT Mason Lee,AD,2
SCT Nicole Tan,Inf,2
SCT Oliver Lim,Arty,2
SCT Penny Chen,Supply,2
SCT Quinn Wong,TPT,2
SCT Ryan Tan,Engr,2
SCT Sophia Ng,Med,2
SCT Tyler Lim,AD,2
SCT Uma Wong,Inf,2
SCT Victor Tan,Arty,2
SCT Wendy Lim,Supply,2
SCT Xander Ng,TPT,2
SCT Yara Lee,Engr,2
SCT Zachary Tan,Med,2
SCT Amelia Wong,AD,2
SCT Benjamin Lim,Inf,2
SCT Chloe Ng,Arty,2
SCT Daniel Tan,Supply,2
SCT Ella Lee,TPT,2
SCT Felix Wong,Engr,2
SCT Grace Lim,Med,2
SCT Henry Tan,AD,2
SCT Isabella Ng,Inf,2
SCT Jason Lim,Arty,2
SCT Kelly Wong,Supply,2
SCT Liam Tan,TPT,2
SCT Mia Wong,Engr,2
SCT Nathan Lim,Med,2
SCT Olivia Tan,AD,2
SCT Paul Lee,Inf,2
SCT Quinn Wong,Arty,2
SCT Rachel Ng,Supply,2
SCT Samuel Tan,TPT,2
SCT Tiffany Lim,Engr,2
SCT Ulysses Wong,Med,2
SCT Vanessa Tan,AD,2
SCT William Lee,Inf,2
SCT Xena Wong,Arty,2
SCT Yvonne Ng,Supply,2
SCT Zach Lim,TPT,2
SCT Adam Wong,Engr,2
SCT Bella Tan,Med,2
SCT Caleb Lee,AD,2
SCT Diana Ng,Inf,2
SCT Ethan Lim,Arty,2
SCT Fiona Wong,Supply,2
SCT Gabriel Tan,TPT,2
SCT Hannah Lee,Engr,2
SCT Ian Ng,Med,2
SCT Jessica Tan,AD,2
SCT Kevin Wong,Inf,2
SCT Lily Lim,Arty,2
SCT Mason Tan,Supply,2
SCT Nicole Lee,TPT,2
SCT Oliver Wong,Engr,2
SCT Penny Ng,Med,2
SCT Quinn Tan,AD,2
SCT Ryan Lee,Inf,2
SCT Sophia Wong,Arty,2
SCT Tyler Tan,Supply,2
SCT Uma Lee,TPT,2
SCT Victor Wong,Engr,2
SCT Wendy Ng,Med,2
SCT Xander Tan,AD,2
SCT Yara Wong,Inf,2
SCT Zachary Lim,Arty,2
SCT Amelia Tan,Supply,2
SCT Benjamin Lee,TPT,2
SCT Chloe Wong,Engr,2
SCT Daniel Ng,Med,2
SCT Ella Tan,AD,2
SCT Felix Lim,Inf,2
SCT Grace Wong,Arty,2
SCT Henry Tan,Supply,2
SCT Isabella Lee,TPT,2
SCT Jason Wong,Engr,2
SCT Kelly Ng,Med,2
SCT Liam Tan,AD,2
SCT Mia Wong,Inf,2
SCT Nathan Lim,Arty,2
SCT Olivia Tan,Supply,2
SCT Paul Lee,TPT,2
SCT Quinn Wong,Engr,2
SCT Rachel Ng,Med,2
SCT Samuel Tan,AD,2
SCT Tiffany Lim,Inf,2
SCT Ulysses Wong,Arty,2
SCT Vanessa Tan,Supply,2
SCT William Lee,TPT,2
SCT Xena Wong,Engr,2
SCT Yvonne Ng,Med,2
SCT Zach Lim,AD,2
SCT Adam Wong,Inf,2
SCT Bella Tan,Arty,2
SCT Caleb Lee,Supply,2
SCT Diana Ng,TPT,2
SCT Ethan Lim,Engr,2
SCT Fiona Wong,Med,2
SCT Gabriel Tan,AD,2
SCT Hannah Lee,Inf,2
SCT Ian Ng,Arty,2
SCT Jessica Tan,Supply,2
SCT Kevin Wong,TPT,2
SCT Lily Lim,Engr,2
SCT Mason Tan,Med,2
SCT Nicole Lee,AD,2
SCT Oliver Wong,Inf,2
SCT Penny Ng,Arty,2
SCT Quinn Tan,Supply,2
SCT Ryan Lee,TPT,2
SCT Sophia Wong,Engr,2
SCT Tyler Tan,Med,2
SCT Uma Lee,AD,2
SCT Victor Wong,Inf,2
SCT Wendy Ng,Arty,2
SCT Xander Tan,Supply,2
SCT Yara Wong,TPT,2
SCT Zachary Lim,Engr,2
SCT Amelia Tan,Med,2
SCT Benjamin Lee,AD,2
SCT Chloe Wong,Inf,2
SCT Daniel Ng,Arty,2
SCT Ella Tan,Supply,2
SCT Felix Lim,TPT,2
SCT Grace Wong,Engr,2
SCT Henry Tan,Med,2
SCT Isabella Lee,AD,2
SCT Jason Wong,Inf,2
SCT Kelly Ng,Arty,2
SCT Liam Tan,Supply,2
SCT Mia Wong,TPT,2
SCT Nathan Lim,Engr,2
SCT Olivia Tan,Med,2
SCT Paul Lee,AD,2
SCT Quinn Wong,Inf,2
SCT Rachel Ng,Arty,2
SCT Samuel Tan,Supply,2
SCT Tiffany Lim,TPT,2
SCT Ulysses Wong,Engr,2
SCT Vanessa Tan,Med,2
SCT William Lee,AD,2
SCT Xena Wong,Inf,2
SCT Yvonne Ng,Arty,2
SCT Zach Lim,Supply,2
SCT Adam Wong,Arty,3
SCT Bella Tan,Supply,3
SCT Caleb Lee,TPT,3
SCT Diana Ng,Engr,3
SCT Ethan Lim,Med,3
SCT Fiona Wong,AD,3
SCT Gabriel Tan,Inf,3
SCT Hannah Lee,Arty,3
SCT Ian Ng,Supply,3
SCT Jessica Tan,TPT,3
SCT Kevin Wong,Engr,3
SCT Lily Lim,Med,3
SCT Mason Tan,AD,3
SCT Nicole Lee,Inf,3
SCT Oliver Wong,Arty,3
SCT Penny Ng,Supply,3
SCT Quinn Tan,TPT,3
SCT Ryan Lee,Engr,3
SCT Sophia Wong,Med,3
SCT Tyler Tan,AD,3
SCT Uma Lee,Inf,3
SCT Victor Wong,Arty,3
SCT Wendy Ng,Supply,3
SCT Xander Tan,TPT,3
SCT Yara Wong,Engr,3
SCT Zachary Lim,Med,3
SCT Amelia Tan,AD,3
SCT Benjamin Lee,Inf,3
SCT Chloe Wong,Arty,3
SCT Daniel Ng,Supply,3
SCT Ella Tan,TPT,3
SCT Felix Lim,Engr,3
SCT Grace Wong,Med,3
SCT Henry Tan,AD,3
SCT Isabella Lee,Inf,3
SCT Jason Wong,Arty,3
SCT Kelly Ng,Supply,3
SCT Liam Tan,TPT,3
SCT Mia Wong,Engr,3
SCT Nathan Lim,Med,3
SCT Olivia Tan,AD,3
SCT Paul Lee,Inf,3
SCT Quinn Wong,Arty,3
SCT Rachel Ng,Supply,3
SCT Samuel Tan,TPT,3
SCT Tiffany Lim,Engr,3
SCT Ulysses Wong,Med,3
SCT Vanessa Tan,AD,3
SCT William Lee,Inf,3
SCT Xena Wong,Arty,3
SCT Yvonne Ng,Supply,3
SCT Zach Lim,TPT,3
SCT Adam Wong,Engr,3
SCT Bella Tan,Med,3
SCT Caleb Lee,AD,3
SCT Diana Ng,Inf,3
SCT Ethan Lim,Arty,3
SCT Fiona Wong,Supply,3
SCT Gabriel Tan,TPT,3
SCT Hannah Lee,Engr,3
SCT Ian Ng,Med,3
SCT Jessica Tan,AD,3
SCT Kevin Wong,Inf,3
SCT Lily Lim,Arty,3
SCT Mason Tan,Supply,3
SCT Nicole Lee,TPT,3
SCT Oliver Wong,Engr,3
SCT Penny Ng,Med,3
SCT Quinn Tan,AD,3
SCT Ryan Lee,Inf,3
SCT Sophia Wong,Arty,3
SCT Tyler Tan,Supply,3
SCT Uma Lee,TPT,3
SCT Victor Wong,Engr,3
SCT Wendy Ng,Med,3
SCT Xander Tan,AD,3
SCT Yara Wong,Inf,3
SCT Zachary Lim,Arty,3
SCT Amelia Tan,Supply,3
SCT Benjamin Lee,TPT,3
SCT Chloe Wong,Engr,3
SCT Daniel Ng,Med,3
SCT Ella Tan,AD,3
SCT Felix Lim,Inf,3
SCT Grace Wong,Arty,3
SCT Henry Tan,Supply,3
SCT Isabella Lee,TPT,3
SCT Jason Wong,Engr,3
SCT Kelly Ng,Med,3
SCT Liam Tan,AD,3
SCT Mia Wong,Inf,3
SCT Nathan Lim,Arty,3
SCT Olivia Tan,Supply,3
SCT Paul Lee,TPT,3
SCT Quinn Wong,Engr,3
SCT Rachel Ng,Med,3
SCT Samuel Tan,AD,3
SCT Tiffany Lim,Inf,3
SCT Ulysses Wong,Arty,3
SCT Vanessa Tan,Supply,3
SCT William Lee,TPT,3
SCT Xena Wong,Engr,3
SCT Yvonne Ng,Med,3
SCT Zach Lim,AD,3
SCT Adam Wong,Inf,3
SCT Bella Tan,Arty,3
SCT Caleb Lee,Supply,3
SCT Diana Ng,TPT,3
SCT Ethan Lim,Engr,3
SCT Fiona Wong,Med,3
SCT Gabriel Tan,AD,3
SCT Hannah Lee,Inf,3
SCT Ian Ng,Arty,3
SCT Jessica Tan,Supply,3
SCT Kevin Wong,TPT,3
SCT Lily Lim,Engr,3
SCT Mason Tan,Med,3
SCT Nicole Lee,AD,3
SCT Oliver Wong,Inf,3
SCT Penny Ng,Arty,3
SCT Quinn Tan,Supply,3
SCT Ryan Lee,TPT,3
SCT Sophia Wong,Engr,3
SCT Tyler Tan,Med,3
SCT Uma Lee,AD,3
SCT Victor Wong,Inf,3
SCT Wendy Ng,Arty,3
SCT Xander Tan,Supply,3
SCT Yara Wong,TPT,3
SCT Zachary Lim,Engr,3
SCT Amelia Tan,Med,3
SCT Benjamin Lee,AD,3
SCT Chloe Wong,Inf,3
SCT Daniel Ng,Arty,3
SCT Ella Tan,Supply,3
SCT Felix Lim,TPT,3
SCT Grace Wong,Engr,3
SCT Henry Tan,Med,3
SCT Isabella Lee,AD,3
SCT Jason Wong,Inf,3
SCT Kelly Ng,Arty,3
SCT Liam Tan,Supply,3
SCT Mia Wong,TPT,3
SCT Nathan Lim,Engr,3
SCT Olivia Tan,Med,3
SCT Paul Lee,AD,3
SCT Quinn Wong,Inf,3
SCT Rachel Ng,Arty,3
SCT Samuel Tan,Supply,3
SCT Tiffany Lim,TPT,3
SCT Ulysses Wong,Engr,3
SCT Vanessa Tan,Med,3
SCT William Lee,AD,3
SCT Xena Wong,Inf,3
SCT Yvonne Ng,Arty,3
SCT Zach Lim,Supply,3
SCT Adam Wong,Arty,4
SCT Bella Tan,Supply,4
SCT Caleb Lee,TPT,4
SCT Diana Ng,Engr,4
SCT Ethan Lim,Med,4
SCT Fiona Wong,AD,4
SCT Gabriel Tan,Inf,4
SCT Hannah Lee,Arty,4
SCT Ian Ng,Supply,4
SCT Jessica Tan,TPT,4
SCT Kevin Wong,Engr,4
SCT Lily Lim,Med,4
SCT Mason Tan,AD,4
SCT Nicole Lee,Inf,4
SCT Oliver Wong,Arty,4
SCT Penny Ng,Supply,4
SCT Quinn Tan,TPT,4
SCT Ryan Lee,Engr,4
SCT Sophia Wong,Med,4
SCT Tyler Tan,AD,4
SCT Uma Lee,Inf,4
SCT Victor Wong,Arty,4
SCT Wendy Ng,Supply,4
SCT Xander Tan,TPT,4
SCT Yara Wong,Engr,4
SCT Zachary Lim,Med,4
SCT Amelia Tan,AD,4
SCT Benjamin Lee,Inf,4
SCT Chloe Wong,Arty,4
SCT Daniel Ng,Supply,4
SCT Ella Tan,TPT,4
SCT Felix Lim,Engr,4
SCT Grace Wong,Med,4
SCT Henry Tan,AD,4
SCT Isabella Lee,Inf,4
SCT Jason Wong,Arty,4
SCT Kelly Ng,Supply,4
SCT Liam Tan,TPT,4
SCT Mia Wong,Engr,4
SCT Nathan Lim,Med,4
SCT Olivia Tan,AD,4
SCT Paul Lee,Inf,4
SCT Quinn Wong,Arty,4
SCT Rachel Ng,Supply,4
SCT Samuel Tan,TPT,4
SCT Tiffany Lim,Engr,4
SCT Ulysses Wong,Med,4
SCT Vanessa Tan,AD,4
SCT William Lee,Inf,4
SCT Xena Wong,Arty,4
SCT Yvonne Ng,Supply,4
SCT Zach Lim,TPT,4
SCT Adam Wong,Engr,4
SCT Bella Tan,Med,4
SCT Caleb Lee,AD,4
SCT Diana Ng,Inf,4
SCT Ethan Lim,Arty,4
SCT Fiona Wong,Supply,4
SCT Gabriel Tan,TPT,4
SCT Hannah Lee,Engr,4
SCT Ian Ng,Med,4
SCT Jessica Tan,AD,4
SCT Kevin Wong,Inf,4
SCT Lily Lim,Arty,4
SCT Mason Tan,Supply,4
SCT Nicole Lee,TPT,4
SCT Oliver Wong,Engr,4
SCT Penny Ng,Med,4
SCT Quinn Tan,AD,4
SCT Ryan Lee,Inf,4
SCT Sophia Wong,Arty,4
SCT Tyler Tan,Supply,4
SCT Uma Lee,TPT,4
SCT Victor Wong,Engr,4
SCT Wendy Ng,Med,4
SCT Xander Tan,AD,4
SCT Yara Wong,Inf,4
SCT Zachary Lim,Arty,4
SCT Amelia Tan,Supply,4
SCT Benjamin Lee,TPT,4
SCT Chloe Wong,Engr,4
SCT Daniel Ng,Med,4
SCT Ella Tan,AD,4
SCT Felix Lim,Inf,4
SCT Grace Wong,Arty,4
SCT Henry Tan,Supply,4
SCT Isabella Lee,TPT,4
SCT Jason Wong,Engr,4
SCT Kelly Ng,Med,4
SCT Liam Tan,AD,4
SCT Mia Wong,Inf,4
SCT Nathan Lim,Arty,4
SCT Olivia Tan,Supply,4
SCT Paul Lee,TPT,4
SCT Quinn Wong,Engr,4
SCT Rachel Ng,Med,4
SCT Samuel Tan,AD,4
SCT Tiffany Lim,Inf,4
SCT Ulysses Wong,Arty,4
SCT Vanessa Tan,Supply,4
SCT William Lee,TPT,4
SCT Xena Wong,Engr,4
SCT Yvonne Ng,Med,4
SCT Zach Lim,AD,4
SCT Adam Wong,Inf,4
SCT Bella Tan,Arty,4
SCT Caleb Lee,Supply,4
SCT Diana Ng,TPT,4
SCT Ethan Lim,Engr,4
SCT Fiona Wong,Med,4
SCT Gabriel Tan,AD,4
SCT Hannah Lee,Inf,4
SCT Ian Ng,Arty,4
SCT Jessica Tan,Supply,4
SCT Kevin Wong,TPT,4
SCT Lily Lim,Engr,4
SCT Mason Tan,Med,4
SCT Nicole Lee,AD,4
SCT Oliver Wong,Inf,4
SCT Penny Ng,Arty,4
SCT Quinn Tan,Supply,4
SCT Ryan Lee,TPT,4
SCT Sophia Wong,Engr,4
SCT Tyler Tan,Med,4
SCT Uma Lee,AD,4
SCT Victor Wong,Inf,4
SCT Wendy Ng,Arty,4
SCT Xander Tan,Supply,4
SCT Yara Wong,TPT,4
SCT Zachary Lim,Engr,4
SCT Amelia Tan,Med,4
SCT Benjamin Lee,AD,4
SCT Chloe Wong,Inf,4
SCT Daniel Ng,Arty,4
SCT Ella Tan,Supply,4
SCT Felix Lim,TPT,4
SCT Grace Wong,Engr,4
SCT Henry Tan,Med,4
SCT Isabella Lee,AD,4
SCT Jason Wong,Inf,4
SCT Kelly Ng,Arty,4
SCT Liam Tan,Supply,4
SCT Mia Wong,TPT,4
SCT Nathan Lim,Engr,4
SCT Olivia Tan,Med,4
SCT Paul Lee,AD,4
SCT Quinn Wong,Inf,4
SCT Rachel Ng,Arty,4
SCT Samuel Tan,Supply,4
SCT Tiffany Lim,TPT,4
SCT Ulysses Wong,Engr,4
SCT Vanessa Tan,Med,4
SCT William Lee,AD,4
SCT Xena Wong,Inf,4
SCT Yvonne Ng,Arty,4
SCT Zach Lim,Supply,4
SCT Adam Wong,Arty,5
SCT Bella Tan,Supply,5
SCT Caleb Lee,TPT,5
SCT Diana Ng,Engr,5
SCT Ethan Lim,Med,5
SCT Fiona Wong,AD,5
SCT Gabriel Tan,Inf,5
SCT Hannah Lee,Arty,5
SCT Ian Ng,Supply,5
SCT Jessica Tan,TPT,5
SCT Kevin Wong,Engr,5
SCT Lily Lim,Med,5
SCT Mason Tan,AD,5
SCT Nicole Lee,Inf,5
SCT Oliver Wong,Arty,5
SCT Penny Ng,Supply,5
SCT Quinn Tan,TPT,5
SCT Ryan Lee,Engr,5
SCT Sophia Wong,Med,5
SCT Tyler Tan,AD,5
SCT Uma Lee,Inf,5
SCT Victor Wong,Arty,5
SCT Wendy Ng,Supply,5
SCT Xander Tan,TPT,5
SCT Yara Wong,Engr,5
SCT Zachary Lim,Med,5
SCT Amelia Tan,AD,5
SCT Benjamin Lee,Inf,5
SCT Chloe Wong,Arty,5
SCT Daniel Ng,Supply,5
SCT Ella Tan,TPT,5
SCT Felix Lim,Engr,5
SCT Grace Wong,Med,5
SCT Henry Tan,AD,5
SCT Isabella Lee,Inf,5
SCT Jason Wong,Arty,5
SCT Kelly Ng,Supply,5
SCT Liam Tan,TPT,5
SCT Mia Wong,Engr,5
SCT Nathan Lim,Med,5
SCT Olivia Tan,AD,5
SCT Paul Lee,Inf,5
SCT Quinn Wong,Arty,5
SCT Rachel Ng,Supply,5
SCT Samuel Tan,TPT,5
SCT Tiffany Lim,Engr,5
SCT Ulysses Wong,Med,5
SCT Vanessa Tan,AD,5
SCT William Lee,Inf,5
SCT Xena Wong,Arty,5
SCT Yvonne Ng,Supply,5
SCT Zach Lim,TPT,5
SCT Adam Wong,Engr,5
SCT Bella Tan,Med,5
SCT Caleb Lee,AD,5
SCT Diana Ng,Inf,5
SCT Ethan Lim,Arty,5
SCT Fiona Wong,Supply,5
SCT Gabriel Tan,TPT,5
SCT Hannah Lee,Engr,5
SCT Ian Ng,Med,5
SCT Jessica Tan,AD,5
SCT Kevin Wong,Inf,5
SCT Lily Lim,Arty,5
SCT Mason Tan,Supply,5
SCT Nicole Lee,TPT,5
SCT Oliver Wong,Engr,5
SCT Penny Ng,Med,5
SCT Quinn Tan,AD,5
SCT Ryan Lee,Inf,5
SCT Sophia Wong,Arty,5
SCT Tyler Tan,Supply,5
SCT Uma Lee,TPT,5
SCT Victor Wong,Engr,5
SCT Wendy Ng,Med,5
SCT Xander Tan,AD,5
SCT Yara Wong,Inf,5
SCT Zachary Lim,Arty,5
SCT Amelia Tan,Supply,5
SCT Benjamin Lee,TPT,5
SCT Chloe Wong,Engr,5
SCT Daniel Ng,Med,5
SCT Ella Tan,AD,5
SCT Felix Lim,Inf,5
SCT Grace Wong,Arty,5
SCT Henry Tan,Supply,5
SCT Isabella Lee,TPT,5